Nombre,Email,Fecha_Registro
James Smith,james.smith@mail.com,2025-01-15
Michael Johnson,michael.johnson@earthlink.net,2025-01-16
Robert Williams,robert.williams@peoplepc.com,2025-01-17
David Brown,david.brown@usa.net,2025-01-18
William Jones,william.jones@socal.rr.com,2025-01-19
Richard Garcia,richard.garcia@cs.com,2025-01-20
Joseph Martinez,joseph.martinez@yahoo.com,2025-01-21
Charles Rodriguez,charles.rodriguez@lycos.com,2025-01-22
Thomas Hernandez,thomas.hernandez@knology.net,2025-01-23
Christopher Lopez,christopher.lopez@mac.com,2025-01-24
Daniel Gonzalez,daniel.gonzalez@mail.com,2025-01-25
Matthew Wilson,matthew.wilson@earthlink.net,2025-01-26
Anthony Anderson,anthony.anderson@peoplepc.com,2025-01-27
Mark Thomas,mark.thomas@usa.net,2025-01-28
Donald Taylor,donald.taylor@socal.rr.com,2025-01-29
Steven Moore,steven.moore@cs.com,2025-01-30
Paul Jackson,paul.jackson@yahoo.com,2025-01-31
Andrew Martin,andrew.martin@lycos.com,2025-02-01
Joshua Lee,joshua.lee@knology.net,2025-02-02
Kenneth Perez,kenneth.perez@mac.com,2025-02-03
Kevin White,kevin.white@mail.com,2025-02-04
Brian Harris,brian.harris@earthlink.net,2025-02-05
George Clark,george.clark@peoplepc.com,2025-02-06
Edward Lewis,edward.lewis@usa.net,2025-02-07
Ronald Walker,ronald.walker@socal.rr.com,2025-02-08
Timothy Hall,timothy.hall@cs.com,2025-02-09
Jason Allen,jason.allen@yahoo.com,2025-02-10
Jeffrey Young,jeffrey.young@lycos.com,2025-02-11
Ryan King,ryan.king@knology.net,2025-02-12
Gary Wright,gary.wright@mac.com,2025-02-13
Jacob Scott,jacob.scott@mail.com,2025-02-14
Nicholas Green,nicholas.green@earthlink.net,2025-02-15
Eric Adams,eric.adams@peoplepc.com,2025-02-16
Stephen Baker,stephen.baker@usa.net,2025-02-17
Jonathan Nelson,jonathan.nelson@socal.rr.com,2025-02-18
Larry Carter,larry.carter@cs.com,2025-02-19
Justin Mitchell,justin.mitchell@yahoo.com,2025-02-20
Scott Perez,scott.perez@lycos.com,2025-02-21
Brandon Roberts,brandon.roberts@knology.net,2025-02-22
Frank Turner,frank.turner@mac.com,2025-02-23
Benjamin Phillips,benjamin.phillips@mail.com,2025-02-24
Gregory Campbell,gregory.campbell@earthlink.net,2025-02-25
Samuel Parker,samuel.parker@peoplepc.com,2025-02-26
Patrick Evans,patrick.evans@usa.net,2025-02-27
Alexander Edwards,alexander.edwards@socal.rr.com,2025-02-28
Jack Collins,jack.collins@cs.com,2025-03-01
Dennis Stewart,dennis.stewart@yahoo.com,2025-03-02
Jerry Sanchez,jerry.sanchez@lycos.com,2025-03-03
Tyler Morris,tyler.morris@knology.net,2025-03-04
Aaron Rogers,aaron.rogers@mac.com,2025-03-05
