Nombre,Fecha_Inicio,Fecha_Fin,Presupuesto
Realigned mission-critical superstructure,2025-01-07,2020-02-17,1076.66
Triple-buffered contextually-based task-force,2020-01-20,2024-04-02,897.4
Grass-roots human-resource data-warehouse,2022-12-03,2024-08-02,9282.74
Inverse local functionalities,2022-08-19,2020-12-31,2333.68
Progressive directional portal,2022-01-29,2024-05-10,3353.48
Enterprise-wide intermediate array,2023-02-27,2023-05-30,584.71
Streamlined secondary encryption,2022-07-28,2020-09-12,7679.13
Re-engineered solution-oriented complexity,2022-10-15,2020-11-28,9682.37
Mandatory fresh-thinking access,2020-03-08,2023-02-13,9439.73
Synergistic maximized success,2021-03-28,2022-08-08,2955.18
Face-to-face fault-tolerant emulation,2020-09-05,2024-06-10,6396.79
Multi-tiered exuding intranet,2021-03-17,2020-12-28,2945.11
Extended web-enabled open system,2023-05-24,2023-05-22,4027.68
Enhanced context-sensitive project,2020-10-15,2022-12-24,2270.81
Customizable global application,2022-04-23,2021-01-20,5100.2
User-friendly global neural-net,2024-04-12,2023-11-29,3663.83
Reactive demand-driven task-force,2023-12-24,2021-08-17,8494.7
Organized needs-based policy,2023-12-17,2025-01-15,4596.86
Programmable upward-trending support,2021-05-30,2020-12-26,8330.84
Visionary hybrid Graphic Interface,2022-10-27,2022-10-21,2025.21
Down-sized full-range service-desk,2021-07-19,2023-03-11,8979.28
Self-enabling attitude-oriented array,2023-12-19,2022-09-16,7852.31
Exclusive incremental pricing structure,2023-09-25,2024-02-26,4512.22
Organic systemic approach,2022-10-19,2024-04-22,4803.87
Universal bottom-line interface,2022-05-10,2020-01-27,9695.25
Exclusive mission-critical access,2024-01-18,2021-05-21,6573.49
Adaptive logistical encryption,2023-02-13,2022-07-10,9488.69
Profound radical standardization,2022-03-05,2022-10-08,2277.18
Switchable attitude-oriented approach,2023-03-29,2024-11-04,4093.29
Re-engineered needs-based infrastructure,2023-07-04,2023-06-07,5620.63
Synchronized mission-critical concept,2024-11-24,2023-03-18,9844.48
Multi-lateral neutral firmware,2024-08-19,2021-01-11,5973.82
Persevering asynchronous success,2024-01-04,2021-04-23,4046.3
Fully-configurable hybrid implementation,2021-11-15,2023-09-10,4683.2
Open-source scalable capacity,2022-11-15,2024-09-26,7599.7
Realigned bandwidth-monitored flexibility,2023-11-13,2023-03-31,9626.21
Multi-channeled executive framework,2021-11-07,2020-09-19,6010.82
Open-architected multimedia model,2021-02-08,2022-06-14,6660.25
Re-engineered fault-tolerant extranet,2024-08-02,2022-05-14,9669.48
Right-sized 24hour capacity,2021-11-09,2020-11-14,5834.47
Enhanced neutral strategy,2020-10-03,2023-06-15,4516.5
Exclusive background instruction set,2022-11-08,2020-01-24,5681.31
Multi-lateral optimal Local Area Network,2022-12-17,2020-12-08,4435.64
Assimilated optimal software,2024-06-08,2024-07-01,6058.88
Progressive multi-tasking monitoring,2020-01-19,2024-11-24,6799.71
Triple-buffered systemic product,2024-03-05,2023-10-30,8597.7
Synergistic intangible function,2022-03-30,2022-08-24,7508.77
Mandatory global support,2022-04-12,2020-07-26,8160.51
Visionary uniform infrastructure,2023-08-07,2024-11-15,7783.24
Secured tertiary secured line,2022-12-09,2023-09-26,8573.26