Nombre,Correo,Telefono,Direccion
Tracy Downs,robert96@johnson.com,(776)505-8607,"996 Moreno Terrace
North Barbarastad, AK 58423"
Kimberly Montgomery,mccarthyjeremiah@gmail.com,645-119-9969,"05566 Ruiz Ways Suite 659
Port Yolanda, OH 44915"
Charles Sloan,veronica62@bailey.com,001-677-691-8041x248,"8876 Arellano Hollow
Byrdmouth, MS 54651"
Jennifer Brooks,mariadavis@gmail.com,+1-757-201-7752x45068,"4777 Faulkner Extensions Suite 269
Deborahburgh, MN 35329"
Brian Patel,hallcorey@gmail.com,432-312-7620,"Unit 8416 Box 4865
DPO AE 80328"
Brenda Hunt,millerashley@yahoo.com,8222897035,"185 King Well Apt. 339
West Christopher, NC 30441"
Cynthia Medina,chris18@hotmail.com,001-011-518-4178x432,"32801 Wilson Estates Apt. 135
Seanfurt, OR 43225"
Andrew Diaz,gewing@peterson-rasmussen.com,001-374-892-6246x704,"62829 Gill Vista
Wattshaven, MS 97731"
Tracey Espinoza,pjones@yahoo.com,001-446-454-6189,"415 Walls Trace Suite 591
North Williamburgh, NV 84648"
Michael Oliver,aarmstrong@gordon-underwood.biz,+1-224-530-6954,"6055 Burns Trail Suite 216
Collinstown, CT 12704"
Shelby Jimenez,foxmark@carter.org,+1-203-914-8857x93025,"01770 Jeffrey Island
South Michelemouth, AZ 48575"
Doris Reyes,mmorgan@brown.com,220.861.4291x1723,"3007 Montgomery Mission Suite 734
Garciamouth, NH 45401"
Linda Meyer,robertsanchez@gmail.com,001-188-725-7466x4112,"55646 Padilla Run
Brownmouth, NM 92809"
Michael Olson,jasonfrye@hotmail.com,336-902-1013,"06932 Wilkinson Junction Apt. 413
Michaelfort, SC 51157"
Don Jones,eandrews@hotmail.com,539.810.6345x3419,"111 Anna Drive
Holmesborough, DC 83722"
Keith Rivera,mathewsandrew@gmail.com,(009)270-8001,"82419 Camacho Bridge
Spencerstad, PA 59625"
Donald Robinson,russomichael@gmail.com,834.134.3507x45944,"62589 Turner Rest
Lake Dustinville, NY 16735"
John King,tcummings@yahoo.com,602-022-4202x645,"796 Nicole Springs
Jacobside, UT 89741"
Phillip Snyder,jennifer90@mcdonald-roberts.biz,6249662560,"Unit 8213 Box 7973
DPO AE 88895"
Carrie Castaneda,lisa00@hotmail.com,590.829.1435,"6567 Matthew Canyon
Tuckerstad, KY 12829"
Deborah Lopez,jennifer97@hotmail.com,719.073.1231x84691,"895 Snyder Circle
Lewisville, IA 57509"
Michael Thornton,lorraine29@kim-kennedy.com,+1-269-674-9068,"9926 Humphrey Estates Apt. 481
East Christy, MI 37218"
Emily Richards,elizabeth27@thomas.org,+1-813-698-3688x3038,"51398 Karen Loop
West Charlesview, UT 72467"
Anita Carpenter,brownrichard@hotmail.com,(420)646-7913,"114 Price Cape Suite 624
Roseville, AZ 88962"
Dominique Gonzales,bdelacruz@yahoo.com,029.456.5289x54119,"116 Erin Stravenue Apt. 432
Sparksport, MI 68252"
Susan Bender,feliciamacias@gmail.com,(405)940-8246x8655,"14053 Ryan Viaduct
Isabelberg, PA 75012"
Wesley Lopez,jonesrichard@wright.net,2399322486,"4117 Julie Mission Apt. 603
North Erin, KY 89369"
Katherine Davis,dunderwood@johnson-hall.biz,001-802-605-6514x22436,"4628 Scott Field
Davisland, TX 18241"
Christine Medina,jennifer09@gmail.com,011-347-1475,"68907 Stewart Streets Apt. 336
Lake Kathrynview, MI 84177"
Matthew Rogers,tranronald@gmail.com,077.244.3953,"18523 Craig Valley
East Austinview, IL 07423"
Warren Rivas,hollycardenas@gmail.com,592.319.0919,"3954 Dawson Rapid Suite 607
Port Stephanieton, DC 34365"
Michael Castro,sjackson@yahoo.com,+1-932-931-9750x82788,"110 Jacob Crest
Rhondaburgh, WY 29241"
Douglas Stokes,xblackburn@yahoo.com,+1-991-647-4807x9837,"PSC 8568, Box 3463
APO AP 38016"
Tonya Buchanan,mspears@hoover.com,+1-706-223-2017,"Unit 8937 Box 5178
DPO AP 93814"
Jason Andrade,ywhite@webb.com,+1-173-765-3319x2716,"623 Perez Fork
Kaylaland, SC 55531"
Heather Gibson,vasquezclarence@sandoval-horn.com,+1-908-652-2207x07576,"236 Samuel Mill Apt. 908
Jillside, MN 27576"
Jamie Mcfarland,carlos09@fischer.com,+1-284-219-7091,"PSC 4866, Box 0359
APO AP 79430"
Sandra Brown,veronicajohnson@gmail.com,+1-085-996-1794x270,"4595 Gregory Place
Ortizton, OH 26779"
Amy Hansen,gregory65@hernandez-flores.com,(240)703-0286x204,"9731 Steven Well Apt. 486
Tracyton, LA 61212"
Laura Morse,pollardmichael@frazier.com,001-296-887-4986x40749,"2586 James Row
East Gary, FL 34384"
William Alvarez,matthewlopez@vasquez.org,+1-428-591-4590x451,"PSC 1983, Box 5554
APO AE 25240"
Scott Wilkerson,iwilson@sanchez.info,+1-599-597-2441,"USNS Long
FPO AA 36805"
Kevin Carlson,ohenry@rivas.com,+1-892-620-3632,"21441 Suzanne Well
West Annette, KY 65261"
Lauren Carter,nicole05@nelson.com,0188623239,"2540 David Viaduct
Stonehaven, SD 28237"
Robert Roth,dawn66@hotmail.com,422-591-7889x098,"Unit 2185 Box 6077
DPO AA 11172"
Jessica Wright,ramirezbilly@jenkins.com,8455977474,"68921 Gross Unions Suite 144
East Amanda, ME 73650"
Joseph Kelly,ostrickland@gmail.com,291.975.9397x145,"51848 Middleton Mall Suite 628
Mclaughlinland, VA 28760"
Elizabeth Mccoy,raymondmiller@lewis.com,366.171.5505,"21165 Karen Street
Pamelatown, FL 82438"
Jennifer Carpenter,cherylwiley@hotmail.com,001-522-936-7434x435,"216 Stephanie Branch
Blanchardport, VT 10603"
Tina Russell,aspencer@brown.com,596-808-1361,"578 Leach Mission Suite 503
New Gabrielle, OK 42736"