Nombre,Correo,Canal_ID,Fecha_Registro
Shannon Farley,kpatel@yahoo.com,1,2022-01-19
James Watts,jbaker@hotmail.com,1,2022-01-23
Ryan Martinez,mileschristine@robinson.biz,8,2022-04-07
Luke Frederick,krodriguez@bennett.com,2,2023-10-25
Tami Bowers,charlesthompson@allison.com,2,2022-02-28
Christopher Thompson,nicholas93@gmail.com,4,2024-08-18
Matthew Sanford,sheila20@gallagher.info,3,2020-01-05
Christopher Montgomery,suttonjeremy@melendez.org,3,2021-04-28
Lori Odonnell,robin97@yahoo.com,2,2022-02-21
Edward Mitchell,jstewart@hotmail.com,2,2024-10-26
Craig Jones,wilsonashley@hotmail.com,7,2023-09-24
Daisy Mcdonald,weavertimothy@higgins.com,2,2024-07-01
Justin Greene,stephanie39@gmail.com,10,2023-03-11
Kristy Johnston,stewartheather@gmail.com,4,2020-01-31
William Jackson,acostajeffrey@rodriguez.com,9,2023-07-04
Travis Morgan,adamsjose@rhodes.com,8,2024-07-13
Alexander Franco,pamela99@yahoo.com,2,2021-12-10
Marie Chase,lindabennett@hotmail.com,5,2020-07-05
Joanna Henry,adamsrachel@yahoo.com,4,2021-06-16
Nancy Deleon,adam23@yahoo.com,3,2021-05-10
Robert Smith,mjohnson@gmail.com,2,2020-11-03
Olivia Johnson,davidtaylor@jackson.com,2,2023-08-30
James Adkins,jhodges@yahoo.com,10,2023-08-23
Mark Carlson,wvillanueva@smith.com,8,2020-12-27
Paul Collins,brandonthompson@hotmail.com,2,2023-11-04
Aaron Riley,fmills@cummings.com,10,2021-12-13
Ariel Hernandez DDS,patrickramos@hotmail.com,4,2024-01-12
David Bennett,zburton@patel-green.com,9,2023-12-17
Katherine Kim,jessica10@perez.com,5,2024-09-10
Jessica Gallegos DDS,shannongonzalez@clayton-butler.org,9,2024-08-12
Jessica Good PhD,cunninghamaaron@swanson-simmons.com,8,2020-01-29
Donald Burke,thomas35@gmail.com,6,2021-10-28
Yvonne Hurley,montoyastacy@gmail.com,8,2022-07-07
Matthew Baird,gardnerjake@williams.biz,3,2021-06-02
Jessica Gill,dcastro@hotmail.com,1,2023-07-03
Denise Miller,johnsonangela@gmail.com,9,2024-07-16
Kristen Phillips,carlos96@hester.com,6,2023-04-19
Matthew Reed,deniseburns@gmail.com,4,2024-12-24
Charles Griffin,caroline48@gmail.com,9,2023-11-09
Johnathan Jones,wbrown@gmail.com,4,2022-07-25
Elizabeth Mckenzie,nancyhernandez@moore.com,5,2021-04-03
James Lee,juliapatrick@mitchell-mcdonald.com,6,2024-09-27
Deborah Kelly,richardsonmichelle@warner-graves.org,4,2023-12-14
Mary Wyatt,dixonteresa@smith.com,1,2022-07-09
Daniel Wells,moodyduane@hotmail.com,1,2022-07-04
Joyce Trujillo,jeremy26@mccoy.org,4,2021-10-26
Michael Lopez,jarvisalexander@garcia.com,7,2021-03-26
Alexandria Christensen,pgarcia@bryan-jones.com,10,2024-10-04
Adrian Harris,gregory56@hernandez-stephens.biz,8,2023-02-11
Kelsey Williams,courtney37@henderson.com,7,2020-08-30