Nombre,Contacto,Direccion
Scott-Fry,034-299-9403-62250,"3075 Martinez Highway East Christinaton, VA 60370",
Turner-Bates,869-172-8005-5236,"4818 Sanders Mews Brittanyburgh, IN 98136",
"Hunter, Munoz and Buchanan",001-973-648-8044-8760,"695 Angela Square Coreybury, TN 53793",
"Le, Roberts and Crane",344-005-6409-882,"3642 Colon Dam Donnaside, MN 44913",
"Duncan, Simpson and Ortiz",5010745804,"765 Zuniga Causeway Apt 263 West Evelynshire, OK 18066",
"Price, Morales and Bryant",001-926-120-3952,"21583 Ashley Mountain Port Sandraberg, WI 43473",
Rodriguez-Campbell,001-369-484-4904-1718,"85945 Donald Terrace Dicksonchester, OR 48872",
"Flowers, Johnson and Smith",557-770-2026-4920,"9299 Swanson Crest Apt 609 Lake Nancy, WV 56869",
"Moore, Reed and Allison",+1-656-808-5634-9801,"75267 Potter Fort Apt 861 Hansenshire, CA 15131",
"Horne, Johnson and Sandoval",+1-384-198-2461-002,"272 Ayala Stravenue Suite 503 West Adamburgh, DE 13375",
Wright-Robinson,001-969-778-1624-770,"33850 Ryan Rue North Mark, WI 98682",
Mason-Hernandez,+1-468-653-2522-0009,"9849 Dalton Cliffs Apt 294 West Reginaldborough, MA 79027",
Espinoza LLC,(725)884-3249-70202,"Unit 9625 Box 3815 DPO AA 96187",
Silva Group,(781)971-9959-05618,"PSC 9136, Box 0956 APO AA 56114",
"Sanchez, Rose and Edwards",067-193-0120,"95560 Singh Plaza Suite 056 Williamsberg, MD 48006",
Myers Inc,+1-915-552-8872-955,"475 Hunt Wells Apt 854 Lake Steven, MT 83775",
"Foley, Hammond and Small",813-705-3664,"72419 Stout River Suite 537 Rhondaton, ME 52691",
Graves-Ferguson,(890)800-7624,"05227 William Coves Port Josephmouth, NH 64071",
Smith PLC,447-745-7077-469,"271 Thomas Islands Suite 216 Barbarastad, WV 52935"
